{"cameraMode":{"drawMode":0,"name":"Shaded","section":"Shading Mode"},"sceneLighting":true,"audioPlay":false,"sceneViewState":{"showFog":true,"showMaterialUpdate":false,"showSkybox":true,"showFlares":true,"showImageEffects":true,"showParticleSystems":true},"in2DMode":false,"pivot":{"x":5.749410629272461,"y":2.293787717819214,"z":2.5069656372070314},"rotation":{"x":0.33107075095176699,"y":-0.017549913376569749,"z":0.006158479023724794,"w":0.9434255957603455},"size":4.022188186645508,"orthographic":true}